﻿<?xml version="1.0" encoding="utf-8"?><UserInfo xmlns:xsd="http://www.w3.org/2001/XMLSchema" xmlns:xsi="http://www.w3.org/2001/XMLSchema-instance"><MachineName>MYROG</MachineName><OSVersion>Microsoft Windows 10 Famille |10.0.16299</OSVersion><ProcessorCount>8</ProcessorCount><SystemDirectory>C:\WINDOWS\system32</SystemDirectory><IntPtrSize>8</IntPtrSize><CLRVersion>4.0.30319.42000</CLRVersion><MyDocuments>C:\Users\myrog\Documents</MyDocuments><CommonApplicationData>C:\ProgramData</CommonApplicationData><LocalApplicationData>C:\Users\myrog\AppData\Local</LocalApplicationData><Temp>C:\Users\myrog\AppData\Local\Temp</Temp><Drives><DriveInformation><AvailableFreeSpace>1185361920</AvailableFreeSpace><DriveFormat>NTFS</DriveFormat><DriveType>Fixed</DriveType><Name>C:\</Name><TotalFreeSpace>1185361920</TotalFreeSpace><TotalSize>126353002496</TotalSize><VolumeLabel>OS</VolumeLabel></DriveInformation><DriveInformation><AvailableFreeSpace>313601757184</AvailableFreeSpace><DriveFormat>NTFS</DriveFormat><DriveType>Fixed</DriveType><Name>D:\</Name><TotalFreeSpace>313601757184</TotalFreeSpace><TotalSize>790487887872</TotalSize><VolumeLabel>DATA</VolumeLabel></DriveInformation><DriveInformation><AvailableFreeSpace>10516975616</AvailableFreeSpace><DriveFormat>NTFS</DriveFormat><DriveType>Fixed</DriveType><Name>E:\</Name><TotalFreeSpace>10516975616</TotalFreeSpace><TotalSize>104856547328</TotalSize><VolumeLabel>travail</VolumeLabel></DriveInformation><DriveInformation><AvailableFreeSpace>48977117184</AvailableFreeSpace><DriveFormat>NTFS</DriveFormat><DriveType>Fixed</DriveType><Name>G:\</Name><TotalFreeSpace>48977117184</TotalFreeSpace><TotalSize>104856547328</TotalSize><VolumeLabel>save</VolumeLabel></DriveInformation></Drives><InstalledApplications><InstalledApplication><AssemblyPath>C:\Program Files\EBP\BusinessPlan8.0FRFR20\EBP.BusinessPlan.Application.exe</AssemblyPath><Caption>EBP Business Plan Classic 2016 (OL Technology)</Caption><Id>10108693-6946-42b8-8df1-75a85a0f9e58</Id><Version>8.0.0.1559</Version></InstalledApplication><InstalledApplication><AssemblyPath>C:\Program Files\EBP\Invoicing8.1FRFR40\EBP.Invoicing.Application.exe</AssemblyPath><Caption>EBP Gestion Commerciale Ligne Open Line</Caption><Id>68308767-3676-4d79-b57c-980b9b3125c9</Id><Version>8.1.1.2741</Version></InstalledApplication><InstalledApplication><AssemblyPath>C:\Program Files\EBP\Accounting8.0FRFR40\EBP.Accounting.Application.exe</AssemblyPath><Caption>EBP Compta Ligne Open Line</Caption><Id>8938492b-f049-4957-bb8e-71fe66db6845</Id><Version>8.0.5.5317</Version></InstalledApplication><InstalledApplication><AssemblyPath>C:\Program Files\EBP\FinState9.0FRFR30\EBP.FinState.Application.exe</AssemblyPath><Caption>EBP Etats Financiers Entreprises 2016 (OL Technology)</Caption><Id>3a710c84-f88f-4b9e-995d-107dedc0e15f</Id><Version>9.0.6.1596</Version></InstalledApplication><InstalledApplication><AssemblyPath>C:\Program Files\EBP\Payroll8.1FRFR40\EBP.Payroll.Application.exe</AssemblyPath><Caption>EBP Paye Ligne Open Line</Caption><Id>491492d9-4fbc-4f70-85d5-985b6bf7851f</Id><Version>8.1.6.5205</Version></InstalledApplication><InstalledApplication><AssemblyPath>C:\Program Files\EBP\CRM8.0FRFR40\EBP.CRM.Application.exe</AssemblyPath><Caption>EBP CRM Ligne Open Line</Caption><Id>d8d17a47-45d1-48b4-8d18-c88c660936dc</Id><Version>8.0.0.922</Version></InstalledApplication><InstalledApplication><AssemblyPath>C:\Program Files\EBP\CapitalAsset8.0FRFR40\EBP.CapitalAsset.Application.exe</AssemblyPath><Caption>EBP Immobilisations Ligne Open Line</Caption><Id>100251af-df98-411d-97bb-2e689da823eb</Id><Version>8.0.4.1283</Version></InstalledApplication><InstalledApplication><AssemblyPath>C:\Program Files\EBP\WebClient\EBP.WebClient.exe</AssemblyPath><Caption>EBP.WebClient</Caption><Id>6c9f0d9e-3a46-46b5-b6c0-625aa42419c1</Id><Version>1.1.3.142</Version></InstalledApplication></InstalledApplications><WmiInfos><WmiInfo><WmiObject>Win32_BaseBoard</WmiObject><WmiProperty>Manufacturer</WmiProperty><WmiValue>ASUSTeK COMPUTER INC.</WmiValue></WmiInfo><WmiInfo><WmiObject>Win32_BaseBoard</WmiObject><WmiProperty>SerialNumber</WmiProperty><WmiValue>BSN12345678901234567</WmiValue></WmiInfo><WmiInfo><WmiObject>Win32_Processor</WmiObject><WmiProperty>ProcessorId</WmiProperty><WmiValue>BFEBFBFF000506E3</WmiValue></WmiInfo><WmiInfo><WmiObject>Win32_Processor</WmiObject><WmiProperty>Name</WmiProperty><WmiValue>Intel(R) Core(TM) i7-6700HQ CPU @ 2.60GHz</WmiValue></WmiInfo><WmiInfo><WmiObject>Win32_ComputerSystemProduct</WmiObject><WmiProperty>Vendor</WmiProperty><WmiValue>ASUSTeK COMPUTER INC.</WmiValue></WmiInfo><WmiInfo><WmiObject>Win32_ComputerSystemProduct</WmiObject><WmiProperty>UUID</WmiProperty><WmiValue>5F402102-0C9D-6E43-B1C4-7E52DEE5EB98</WmiValue></WmiInfo><WmiInfo><WmiObject>Win32_ComputerSystem</WmiObject><WmiProperty>Manufacturer</WmiProperty><WmiValue>ASUSTeK COMPUTER INC.</WmiValue></WmiInfo><WmiInfo><WmiObject>Win32_ComputerSystem</WmiObject><WmiProperty>Model</WmiProperty><WmiValue>GL502VM</WmiValue></WmiInfo><WmiInfo><WmiObject>Win32_ComputerSystem</WmiObject><WmiProperty>TotalPhysicalMemory</WmiProperty><WmiValue>8522608640</WmiValue></WmiInfo></WmiInfos><InstalledFrameworks><InstalledFramework><Version>v2.0.50727.4927</Version></InstalledFramework><InstalledFramework><Version>v3.0.30729.4926</Version></InstalledFramework><InstalledFramework><Version>v3.5.30729.4926</Version></InstalledFramework><InstalledFramework><Version>v4.7.02556</Version></InstalledFramework><InstalledFramework><Version>v4.0.0.0</Version></InstalledFramework></InstalledFrameworks></UserInfo>