﻿<?xml version="1.0" encoding="utf-8"?>
<HostOptionsEntity EntityGuid="da6de426-c97e-45a8-83bd-c0687240441b">
  <ShowStatusBar>True</ShowStatusBar>
  <ShowToolBar>True</ShowToolBar>
  <ShowNavBar>True</ShowNavBar>
  <NavBarWidth>180</NavBarWidth>
  <NavBarPanelMaxVisibleGroups>-1</NavBarPanelMaxVisibleGroups>
  <ShowFavoriteMenu>True</ShowFavoriteMenu>
  <LookAndFeel>EBP Open Flat Style</LookAndFeel>
  <WindowPosX>0</WindowPosX>
  <WindowPosY>0</WindowPosY>
  <WindowSizeX>798</WindowSizeX>
  <WindowSizeY>604</WindowSizeY>
  <WindowState>Normal</WindowState>
  <FocusedBackColor />
  <ReadOnlyBackColor />
  <MandatoryBackColor />
  <DontShowAgainWelcomeDialog>False</DontShowAgainWelcomeDialog>
  <DontShowAgainCloseHostForm>False</DontShowAgainCloseHostForm>
  <DontShowAgainDashboard>True</DontShowAgainDashboard>
  <DontShowAgainWebClientNotFound>False</DontShowAgainWebClientNotFound>
  <ShowWindowBar>False</ShowWindowBar>
  <MaximizeWindows>False</MaximizeWindows>
  <ShowCalcButton>True</ShowCalcButton>
  <EnableSpellChecker>True</EnableSpellChecker>
  <EnableWysiwygRtfPrinting>False</EnableWysiwygRtfPrinting>
  <EnableWysiwygTextPrinting>False</EnableWysiwygTextPrinting>
  <EnableEntryFormCaching>True</EnableEntryFormCaching>
  <EnableRtfGdi>False</EnableRtfGdi>
  <UserDefinedFieldsSplitNumber>30</UserDefinedFieldsSplitNumber>
  <EnableListSearchButton>False</EnableListSearchButton>
  <DontShowAgainCloudPublishing>False</DontShowAgainCloudPublishing>
  <DontShowAgainSwitchToApiMode>False</DontShowAgainSwitchToApiMode>
  <EnableListFirstRowNoSelect>False</EnableListFirstRowNoSelect>
  <EnableListFirstRowNoSelectInSearch>False</EnableListFirstRowNoSelectInSearch>
  <UserCulture>fr-FR</UserCulture>
  <Version>1</Version>
  <BackToWindowsXPLookAndFeel>False</BackToWindowsXPLookAndFeel>
  <UseLegacyTextFormatConverter>False</UseLegacyTextFormatConverter>
  <LoginFocusPassword>False</LoginFocusPassword>
  <DisplayDatabaseNameInWindowTitle>2</DisplayDatabaseNameInWindowTitle>
  <DisableBandedGridViews>False</DisableBandedGridViews>
  <ShowApiMenu>False</ShowApiMenu>
  <UseRemotingCompatibilityMode>True</UseRemotingCompatibilityMode>
  <CheckSqlServerVersionOnDatabaseOpened>True</CheckSqlServerVersionOnDatabaseOpened>
  <CreatedDate>2018-02-23T10:25:00</CreatedDate>
  <CreatedUser />
  <ModifiedDate>2018-02-23T10:58:00</ModifiedDate>
  <ModifiedUser />
  <NavBarPanels>
    <NavBarPanelEntity>
      <Id>1eb8857a-285e-4fbf-9f59-45cb6f0e4398</Id>
      <Visible>True</Visible>
      <SpliterPosition>150</SpliterPosition>
      <CreatedDate>2018-02-23T10:58:00</CreatedDate>
      <CreatedUser />
      <ModifiedDate>2018-02-23T10:58:00</ModifiedDate>
      <ModifiedUser />
    </NavBarPanelEntity>
    <NavBarPanelEntity>
      <Id>cddd50f6-e1af-4d56-be8c-b0525a3a0b11</Id>
      <Visible>True</Visible>
      <SpliterPosition>150</SpliterPosition>
      <CreatedDate>2018-02-23T10:58:00</CreatedDate>
      <CreatedUser />
      <ModifiedDate>2018-02-23T10:58:00</ModifiedDate>
      <ModifiedUser />
    </NavBarPanelEntity>
    <NavBarPanelEntity>
      <Id>fb52befe-e1f3-4de8-a349-6c63fbbad75c</Id>
      <Visible>True</Visible>
      <SpliterPosition>150</SpliterPosition>
      <CreatedDate>2018-02-23T10:58:00</CreatedDate>
      <CreatedUser />
      <ModifiedDate>2018-02-23T10:58:00</ModifiedDate>
      <ModifiedUser />
    </NavBarPanelEntity>
  </NavBarPanels>
</HostOptionsEntity>