﻿<?xml version="1.0" encoding="utf-8"?>
<ImportExportOptionsEntity EntityGuid="b6b408de-12ac-491d-a821-cc88845ce4ed">
  <ImportPath>C:\Users\examgcf\Mes documents</ImportPath>
  <RenameImportedFile>False</RenameImportedFile>
  <ExportPath>C:\Users\examgcf\Mes documents</ExportPath>
  <DocumentExportPath>C:\Users\examgcf\Mes documents</DocumentExportPath>
  <ListExportPath>C:\Users\examgcf\Mes documents</ListExportPath>
  <StatisticExportPath>C:\Users\examgcf\Mes documents</StatisticExportPath>
  <CreatedDate>2018-02-23T10:25:00</CreatedDate>
  <CreatedUser />
  <ModifiedDate>2018-02-23T10:25:00</ModifiedDate>
  <ModifiedUser />
</ImportExportOptionsEntity>