﻿<?xml version="1.0" encoding="utf-8"?>
<EBP Version="1.0.2326.35">
  <Header>
    <Version />
    <ContentVersion />
    <Kind>00000000-0000-0000-0000-000000000000</Kind>
  </Header>
  <Content>
    <BackupApplicationEntity EntityGuid="f241ad19-552d-411b-9a9f-bf8112a9b983">
      <ApplicationGuid>68308767-3676-4d79-b57c-980b9b3125c9</ApplicationGuid>
      <ApplicationName>EBP Gestion Commerciale Ligne Éducation Open Line</ApplicationName>
      <ApplicationVersion>8.1.2741.1</ApplicationVersion>
      <BackupApplicationGuid>68308767-3676-4d79-b57c-980b9b3125c9</BackupApplicationGuid>
      <BackupApplicationVersion>8.1.2741.1</BackupApplicationVersion>
      <DateStamp>2018-05-09T17:38:00</DateStamp>
      <BackupString>networkPath=;useOriginalFileLocations=False;databaseFilesInfoCount=1;databaseName0=Cas smirmork_0895452f-b7c1-4c00-a316-c6a6d0ea4bf4;databaseFileInfoCount0=2;databaseInfoName0-0=Cas smirmork_0895452f-b7c1-4c00-a316-c6a6d0ea4bf4_2018-05-09-12-18-31-421;databaseInfoFileName0-0=C:\Program Files\Microsoft SQL Server\MSSQL10_50.EBP\MSSQL\DATA\Cas smirmork_0895452f-b7c1-4c00-a316-c6a6d0ea4bf4_2018-05-09-12-18-31-421.mdf;databaseInfoName0-1=Cas smirmork_0895452f-b7c1-4c00-a316-c6a6d0ea4bf4_2018-05-09-12-18-31-421_log;databaseInfoFileName0-1=C:\Program Files\Microsoft SQL Server\MSSQL10_50.EBP\MSSQL\DATA\Cas smirmork_0895452f-b7c1-4c00-a316-c6a6d0ea4bf4_2018-05-09-12-18-31-421_log.LDF;</BackupString>
      <ShortcutFile />
      <LocalDisk>True</LocalDisk>
      <LocalDiskLocation>E:\IUTtravail\cours\EBP\smirmork\Sauvegarde_Cas smirmork_2018-05-09_17-38.zip</LocalDiskLocation>
      <Amovible />
      <AmovibleLocation />
      <Internet>False</Internet>
      <IncludeShortcut>True</IncludeShortcut>
      <IncludeConfig>True</IncludeConfig>
      <UseDumpBackup>False</UseDumpBackup>
      <DatabaseName>Cas smirmork</DatabaseName>
      <ProviderVersion>Microsoft SQL Server 2008 R2 (SP2) - 10.50.4042.0 (X64) 
	Mar 26 2015 21:18:04 
	Copyright (c) Microsoft Corporation
	Express Edition (64-bit) on Windows NT 6.2 &lt;X64&gt; (Build 9200: )</ProviderVersion>
      <ForSchemaSynchronization>False</ForSchemaSynchronization>
      <CreatedDate />
      <CreatedUser />
      <ModifiedDate />
      <ModifiedUser />
    </BackupApplicationEntity>
  </Content>
</EBP>