﻿<?xml version="1.0" encoding="utf-8"?>
<EBP Version="1.0.2479.37">
  <Header>
    <Version />
    <ContentVersion />
    <Kind>00000000-0000-0000-0000-000000000000</Kind>
  </Header>
  <Content>
    <BackupApplicationEntity EntityGuid="f241ad19-552d-411b-9a9f-bf8112a9b983">
      <ApplicationGuid>8938492b-f049-4957-bb8e-71fe66db6845</ApplicationGuid>
      <ApplicationName>EBP Compta Ligne Éducation Open Line</ApplicationName>
      <ApplicationVersion>9.0.6074.7</ApplicationVersion>
      <BackupApplicationGuid>8938492b-f049-4957-bb8e-71fe66db6845</BackupApplicationGuid>
      <BackupApplicationVersion>9.0.6074.7</BackupApplicationVersion>
      <DateStamp>2018-02-23T10:58:00</DateStamp>
      <BackupString>networkPath=;useOriginalFileLocations=False;databaseFilesInfoCount=1;databaseName0=GREEN_MARKET_9c9c51d5-d6fd-44fc-9724-a63a935a6fc7;databaseFileInfoCount0=2;databaseInfoName0-0=GREEN_MARKET_9c9c51d5-d6fd-44fc-9724-a63a935a6fc7_2018-02-23-10-23-06-406;databaseInfoFileName0-0=C:\Program Files\Microsoft SQL Server\MSSQL12.EBP\MSSQL\DATA\GREEN_MARKET_9c9c51d5-d6fd-44fc-9724-a63a935a6fc7_2018-02-23-10-23-06-406.mdf;databaseInfoName0-1=GREEN_MARKET_9c9c51d5-d6fd-44fc-9724-a63a935a6fc7_2018-02-23-10-23-06-406_log;databaseInfoFileName0-1=C:\Program Files\Microsoft SQL Server\MSSQL12.EBP\MSSQL\DATA\GREEN_MARKET_9c9c51d5-d6fd-44fc-9724-a63a935a6fc7_2018-02-23-10-23-06-406_log.ldf;</BackupString>
      <ShortcutFile />
      <LocalDisk>True</LocalDisk>
      <LocalDiskLocation>C:\Users\examgcf\Mes documents\Sauvegardes\Sauvegarde_GREEN_MARKET_2018-02-23_10-58.zip</LocalDiskLocation>
      <Amovible />
      <AmovibleLocation />
      <Internet>False</Internet>
      <IncludeShortcut>True</IncludeShortcut>
      <IncludeConfig>True</IncludeConfig>
      <UseDumpBackup>False</UseDumpBackup>
      <DatabaseName>GREEN_MARKET</DatabaseName>
      <ProviderVersion>Microsoft SQL Server 2014 - 12.0.4100.1 (X64) 
	Apr 20 2015 17:29:27 
	Copyright (c) Microsoft Corporation
	Express Edition (64-bit) on Windows NT 6.1 &lt;X64&gt; (Build 7601: Service Pack 1)</ProviderVersion>
      <ForSchemaSynchronization>False</ForSchemaSynchronization>
      <CreatedDate />
      <CreatedUser />
      <ModifiedDate />
      <ModifiedUser />
    </BackupApplicationEntity>
  </Content>
</EBP>