﻿<?xml version="1.0" encoding="utf-8"?>
<BackupEntity EntityGuid="cd3b8ca1-61d9-49a5-8691-b4d6957b8334">
  <MultiUser>False</MultiUser>
  <SingleShortcut>False</SingleShortcut>
  <IncludeShortcut>True</IncludeShortcut>
  <IncludeConfig>True</IncludeConfig>
  <UseDumpBackup>False</UseDumpBackup>
  <ShortcutFile>C:\Users\examgcf\Mes documents\GREEN_MARKET.ebp</ShortcutFile>
  <LocalDisk>True</LocalDisk>
  <LocalDiskLocation>E:\EBP 2017\Sauvegarde_GREEN_MARKET_2018-02-23_10-55.zip</LocalDiskLocation>
  <Internet>False</Internet>
  <CreatedDate>2018-02-23T10:57:00</CreatedDate>
  <CreatedUser />
  <ModifiedDate>2018-02-23T10:57:00</ModifiedDate>
  <ModifiedUser />
  <BackupApplications>
    <BackupApplicationEntity>
      <ApplicationGuid>8938492b-f049-4957-bb8e-71fe66db6845</ApplicationGuid>
      <ApplicationName>EBP Compta Ligne Éducation Open Line</ApplicationName>
      <ApplicationVersion>9.0.6074.7</ApplicationVersion>
      <BackupApplicationGuid>8938492b-f049-4957-bb8e-71fe66db6845</BackupApplicationGuid>
      <BackupApplicationVersion>9.0.6074.7</BackupApplicationVersion>
      <DateStamp>2018-02-23T10:55:00</DateStamp>
      <BackupString>networkPath=;useOriginalFileLocations=False;databaseFilesInfoCount=1;databaseName0=GREEN_MARKET_9c9c51d5-d6fd-44fc-9724-a63a935a6fc7;databaseFileInfoCount0=2;databaseInfoName0-0=GREEN_MARKET_9c9c51d5-d6fd-44fc-9724-a63a935a6fc7_2018-02-23-10-23-06-406;databaseInfoFileName0-0=C:\Program Files\Microsoft SQL Server\MSSQL12.EBP\MSSQL\DATA\GREEN_MARKET_9c9c51d5-d6fd-44fc-9724-a63a935a6fc7_2018-02-23-10-23-06-406.mdf;databaseInfoName0-1=GREEN_MARKET_9c9c51d5-d6fd-44fc-9724-a63a935a6fc7_2018-02-23-10-23-06-406_log;databaseInfoFileName0-1=C:\Program Files\Microsoft SQL Server\MSSQL12.EBP\MSSQL\DATA\GREEN_MARKET_9c9c51d5-d6fd-44fc-9724-a63a935a6fc7_2018-02-23-10-23-06-406_log.ldf;</BackupString>
      <ShortcutFile />
      <LocalDisk>True</LocalDisk>
      <LocalDiskLocation>C:\Users\examgcf\Mes documents\Sauvegardes\Sauvegarde_GREEN_MARKET_2018-02-23_10-55.zip</LocalDiskLocation>
      <Amovible />
      <AmovibleLocation />
      <Internet>False</Internet>
      <IncludeShortcut>True</IncludeShortcut>
      <IncludeConfig>True</IncludeConfig>
      <UseDumpBackup>False</UseDumpBackup>
      <DatabaseName>GREEN_MARKET</DatabaseName>
      <ProviderVersion>Microsoft SQL Server 2014 - 12.0.4100.1 (X64) 
	Apr 20 2015 17:29:27 
	Copyright (c) Microsoft Corporation
	Express Edition (64-bit) on Windows NT 6.1 &lt;X64&gt; (Build 7601: Service Pack 1)</ProviderVersion>
      <ForSchemaSynchronization>False</ForSchemaSynchronization>
      <CreatedDate />
      <CreatedUser />
      <ModifiedDate />
      <ModifiedUser />
    </BackupApplicationEntity>
    <BackupApplicationEntity>
      <ApplicationGuid>68308767-3676-4d79-b57c-980b9b3125c9</ApplicationGuid>
      <ApplicationName>EBP Gestion Commerciale Ligne Éducation Open Line</ApplicationName>
      <ApplicationVersion>9.0.2991.7</ApplicationVersion>
      <BackupApplicationGuid>68308767-3676-4d79-b57c-980b9b3125c9</BackupApplicationGuid>
      <BackupApplicationVersion>9.0.2991.7</BackupApplicationVersion>
      <DateStamp>2018-02-23T10:55:00</DateStamp>
      <BackupString>networkPath=;useOriginalFileLocations=False;databaseFilesInfoCount=1;databaseName0=GREEN_MARKET_0895452f-b7c1-4c00-a316-c6a6d0ea4bf4;databaseFileInfoCount0=2;databaseInfoName0-0=GREEN_MARKET_0895452f-b7c1-4c00-a316-c6a6d0ea4bf4_2018-02-23-10-23-06-406;databaseInfoFileName0-0=C:\Program Files\Microsoft SQL Server\MSSQL12.EBP\MSSQL\DATA\GREEN_MARKET_0895452f-b7c1-4c00-a316-c6a6d0ea4bf4_2018-02-23-10-23-06-406.mdf;databaseInfoName0-1=GREEN_MARKET_0895452f-b7c1-4c00-a316-c6a6d0ea4bf4_2018-02-23-10-23-06-406_log;databaseInfoFileName0-1=C:\Program Files\Microsoft SQL Server\MSSQL12.EBP\MSSQL\DATA\GREEN_MARKET_0895452f-b7c1-4c00-a316-c6a6d0ea4bf4_2018-02-23-10-23-06-406_log.ldf;</BackupString>
      <ShortcutFile />
      <LocalDisk>True</LocalDisk>
      <LocalDiskLocation>C:\Users\examgcf\Mes documents\Sauvegardes\Sauvegarde_GREEN_MARKET_2018-02-23_10-55.zip</LocalDiskLocation>
      <Amovible />
      <AmovibleLocation />
      <Internet>False</Internet>
      <IncludeShortcut>True</IncludeShortcut>
      <IncludeConfig>True</IncludeConfig>
      <UseDumpBackup>False</UseDumpBackup>
      <DatabaseName>GREEN_MARKET</DatabaseName>
      <ProviderVersion>Microsoft SQL Server 2014 - 12.0.4100.1 (X64) 
	Apr 20 2015 17:29:27 
	Copyright (c) Microsoft Corporation
	Express Edition (64-bit) on Windows NT 6.1 &lt;X64&gt; (Build 7601: Service Pack 1)</ProviderVersion>
      <ForSchemaSynchronization>False</ForSchemaSynchronization>
      <CreatedDate />
      <CreatedUser />
      <ModifiedDate />
      <ModifiedUser />
    </BackupApplicationEntity>
    <BackupApplicationEntity>
      <ApplicationGuid>100251af-df98-411d-97bb-2e689da823eb</ApplicationGuid>
      <ApplicationName>EBP Immobilisations Ligne Éducation Open Line</ApplicationName>
      <ApplicationVersion>9.0.1440.6</ApplicationVersion>
      <BackupApplicationGuid>100251af-df98-411d-97bb-2e689da823eb</BackupApplicationGuid>
      <BackupApplicationVersion>9.0.1440.6</BackupApplicationVersion>
      <DateStamp>2018-02-23T10:55:00</DateStamp>
      <BackupString>networkPath=;useOriginalFileLocations=False;databaseFilesInfoCount=1;databaseName0=GREEN_MARKET_6966ac2d-e1b2-4944-a92f-1d1a8399c23f;databaseFileInfoCount0=2;databaseInfoName0-0=GREEN_MARKET_6966ac2d-e1b2-4944-a92f-1d1a8399c23f_2018-02-23-10-23-06-406;databaseInfoFileName0-0=C:\Program Files\Microsoft SQL Server\MSSQL12.EBP\MSSQL\DATA\GREEN_MARKET_6966ac2d-e1b2-4944-a92f-1d1a8399c23f_2018-02-23-10-23-06-406.mdf;databaseInfoName0-1=GREEN_MARKET_6966ac2d-e1b2-4944-a92f-1d1a8399c23f_2018-02-23-10-23-06-406_log;databaseInfoFileName0-1=C:\Program Files\Microsoft SQL Server\MSSQL12.EBP\MSSQL\DATA\GREEN_MARKET_6966ac2d-e1b2-4944-a92f-1d1a8399c23f_2018-02-23-10-23-06-406_log.ldf;</BackupString>
      <ShortcutFile />
      <LocalDisk>True</LocalDisk>
      <LocalDiskLocation>C:\Users\examgcf\Mes documents\Sauvegardes\Sauvegarde_GREEN_MARKET_2018-02-23_10-55.zip</LocalDiskLocation>
      <Amovible />
      <AmovibleLocation />
      <Internet>False</Internet>
      <IncludeShortcut>True</IncludeShortcut>
      <IncludeConfig>True</IncludeConfig>
      <UseDumpBackup>False</UseDumpBackup>
      <DatabaseName>GREEN_MARKET</DatabaseName>
      <ProviderVersion>Microsoft SQL Server 2014 - 12.0.4100.1 (X64) 
	Apr 20 2015 17:29:27 
	Copyright (c) Microsoft Corporation
	Express Edition (64-bit) on Windows NT 6.1 &lt;X64&gt; (Build 7601: Service Pack 1)</ProviderVersion>
      <ForSchemaSynchronization>False</ForSchemaSynchronization>
      <CreatedDate />
      <CreatedUser />
      <ModifiedDate />
      <ModifiedUser />
    </BackupApplicationEntity>
  </BackupApplications>
</BackupEntity>