﻿<?xml version="1.0" encoding="utf-8"?><UserInfo xmlns:xsd="http://www.w3.org/2001/XMLSchema" xmlns:xsi="http://www.w3.org/2001/XMLSchema-instance"><MachineName>GEAPC317-01</MachineName><OSVersion>Microsoft Windows 7 Professionnel  Service Pack 1|6.1.7601</OSVersion><ProcessorCount>4</ProcessorCount><SystemDirectory>C:\Windows\system32</SystemDirectory><IntPtrSize>8</IntPtrSize><CLRVersion>4.0.30319.42000</CLRVersion><MyDocuments>C:\Users\examgcf\Mes documents</MyDocuments><CommonApplicationData>C:\ProgramData</CommonApplicationData><LocalApplicationData>C:\Users\examgcf\Local Settings\Application Data</LocalApplicationData><Temp>C:\Users\examgcf\AppData\Local\Temp</Temp><Drives><DriveInformation><AvailableFreeSpace>404208738304</AvailableFreeSpace><DriveFormat>NTFS</DriveFormat><DriveType>Fixed</DriveType><Name>C:\</Name><TotalFreeSpace>404208738304</TotalFreeSpace><TotalSize>500105736192</TotalSize><VolumeLabel>OS</VolumeLabel></DriveInformation><DriveInformation><AvailableFreeSpace>0</AvailableFreeSpace><DriveType>CDRom</DriveType><Name>D:\</Name><TotalFreeSpace>0</TotalFreeSpace><TotalSize>0</TotalSize></DriveInformation><DriveInformation><AvailableFreeSpace>0</AvailableFreeSpace><DriveType>Removable</DriveType><Name>E:\</Name><TotalFreeSpace>0</TotalFreeSpace><TotalSize>0</TotalSize></DriveInformation><DriveInformation><AvailableFreeSpace>366970904576</AvailableFreeSpace><DriveFormat>NTFS</DriveFormat><DriveType>Network</DriveType><Name>H:\</Name><TotalFreeSpace>366970904576</TotalFreeSpace><TotalSize>579820580864</TotalSize><VolumeLabel>Nouveau nom</VolumeLabel></DriveInformation></Drives><InstalledApplications><InstalledApplication><AssemblyPath>C:\Program Files\EBP\BusinessPlan9.0FRFR20\EBP.BusinessPlan.Application.exe</AssemblyPath><Caption>EBP Business Plan Classic 2017 (OL Technology)</Caption><Id>10108693-6946-42b8-8df1-75a85a0f9e58</Id><Version>9.0.1.1625</Version></InstalledApplication><InstalledApplication><AssemblyPath>C:\Program Files\EBP\Invoicing9.0FRFR40\EBP.Invoicing.Application.exe</AssemblyPath><Caption>EBP Gestion Commerciale Ligne Open Line</Caption><Id>68308767-3676-4d79-b57c-980b9b3125c9</Id><Version>9.0.7.2991</Version></InstalledApplication><InstalledApplication><AssemblyPath>C:\Program Files\EBP\CapitalAsset9.0FRFR40\EBP.CapitalAsset.Application.exe</AssemblyPath><Caption>EBP Immobilisations Ligne Open Line</Caption><Id>100251af-df98-411d-97bb-2e689da823eb</Id><Version>9.0.6.1440</Version></InstalledApplication><InstalledApplication><AssemblyPath>C:\Program Files\EBP\FinState10.0FRFR30\EBP.FinState.Application.exe</AssemblyPath><Caption>EBP Etats Financiers Entreprises 2017 (OL Technology)</Caption><Id>3a710c84-f88f-4b9e-995d-107dedc0e15f</Id><Version>10.0.6.1813</Version></InstalledApplication><InstalledApplication><AssemblyPath>C:\Program Files\EBP\Accounting9.0FRFR40\EBP.Accounting.Application.exe</AssemblyPath><Caption>EBP Compta Ligne Open Line</Caption><Id>8938492b-f049-4957-bb8e-71fe66db6845</Id><Version>9.0.7.6074</Version></InstalledApplication><InstalledApplication><AssemblyPath>C:\Program Files\EBP\CRM9.0FRFR40\EBP.CRM.Application.exe</AssemblyPath><Caption>EBP CRM Ligne Open Line</Caption><Id>d8d17a47-45d1-48b4-8d18-c88c660936dc</Id><Version>9.0.1.969</Version></InstalledApplication><InstalledApplication><AssemblyPath>C:\Program Files\EBP\Payroll9.1FRFR40\EBP.Payroll.Application.exe</AssemblyPath><Caption>EBP Paye Ligne Open Line</Caption><Id>491492d9-4fbc-4f70-85d5-985b6bf7851f</Id><Version>9.1.1.6609</Version></InstalledApplication><InstalledApplication><AssemblyPath>C:\Program Files\EBP\WebClient\EBP.WebClient.exe</AssemblyPath><Caption>EBP.WebClient</Caption><Id>6c9f0d9e-3a46-46b5-b6c0-625aa42419c1</Id><Version>1.1.3.142</Version></InstalledApplication></InstalledApplications><WmiInfos><WmiInfo><WmiObject>Win32_BaseBoard</WmiObject><WmiProperty>Manufacturer</WmiProperty><WmiValue>Dell Inc.</WmiValue></WmiInfo><WmiInfo><WmiObject>Win32_BaseBoard</WmiObject><WmiProperty>SerialNumber</WmiProperty><WmiValue>/43Z4RG2/CN7220069102Z8/</WmiValue></WmiInfo><WmiInfo><WmiObject>Win32_Processor</WmiObject><WmiProperty>ProcessorId</WmiProperty><WmiValue>BFEBFBFF000506E3</WmiValue></WmiInfo><WmiInfo><WmiObject>Win32_Processor</WmiObject><WmiProperty>Name</WmiProperty><WmiValue>Intel(R) Core(TM) i5-6600 CPU @ 3.30GHz</WmiValue></WmiInfo><WmiInfo><WmiObject>Win32_ComputerSystemProduct</WmiObject><WmiProperty>Vendor</WmiProperty><WmiValue>Dell Inc.</WmiValue></WmiInfo><WmiInfo><WmiObject>Win32_ComputerSystemProduct</WmiObject><WmiProperty>UUID</WmiProperty><WmiValue>4C4C4544-0033-5A10-8034-B4C04F524732</WmiValue></WmiInfo><WmiInfo><WmiObject>Win32_ComputerSystem</WmiObject><WmiProperty>Manufacturer</WmiProperty><WmiValue>Dell Inc.</WmiValue></WmiInfo><WmiInfo><WmiObject>Win32_ComputerSystem</WmiObject><WmiProperty>Model</WmiProperty><WmiValue>OptiPlex 7040</WmiValue></WmiInfo><WmiInfo><WmiObject>Win32_ComputerSystem</WmiObject><WmiProperty>TotalPhysicalMemory</WmiProperty><WmiValue>8448327680</WmiValue></WmiInfo></WmiInfos><InstalledFrameworks><InstalledFramework><Version>v2.0.50727.5420</Version></InstalledFramework><InstalledFramework><Version>v3.0.30729.5420</Version></InstalledFramework><InstalledFramework><Version>v3.5.30729.5420</Version></InstalledFramework><InstalledFramework><Version>v4.7.02558</Version></InstalledFramework><InstalledFramework><Version>v4.0.0.0</Version></InstalledFramework></InstalledFrameworks></UserInfo>