﻿<?xml version="1.0" encoding="utf-8"?>
<MruOptionsEntity EntityGuid="24d70557-172d-4532-a73b-b8913441e363">
  <MruFile.MruFile0>E:\IUTtravail\cours\EBP\smirmork\CasSMIRMOKetu.ebp</MruFile.MruFile0>
  <MruFile.MruFile1>E:\IUTtravail\cours\EBP\smirmork\Cas smirmork1.ebp</MruFile.MruFile1>
  <MruFile.MruFile2>C:\Users\myrog\Documents\Cas smirmork.ebp</MruFile.MruFile2>
  <MruFile.MruFile3>E:\IUTtravail\cours\EBP\smirmork\Smirmork11.ebp</MruFile.MruFile3>
  <CreatedDate>2016-10-12T11:24:00</CreatedDate>
  <CreatedUser />
  <ModifiedDate>2018-05-10T17:32:00</ModifiedDate>
  <ModifiedUser />
</MruOptionsEntity>