﻿<?xml version="1.0" encoding="utf-8"?>
<SqlServerBackupAllWizardEntity EntityGuid="427afa02-dc08-498f-aeb7-de7c4e7abd25">
  <MultiUser>False</MultiUser>
  <SingleShortcut>False</SingleShortcut>
  <Connection.ServerName>localhost\ebp</Connection.ServerName>
  <Connection.ServerPath />
  <Connection.Authentication>False</Connection.Authentication>
  <Connection.UserName>sa</Connection.UserName>
  <Connection.EncryptedPassword />
  <Connection.Protocol>Dbmslpcn</Connection.Protocol>
  <Connection.ShowAdvancedOptions>False</Connection.ShowAdvancedOptions>
  <Connection.ConnectTimeout>15</Connection.ConnectTimeout>
  <Connection.CommandTimeout>180</Connection.CommandTimeout>
  <Connection.OperationTimeout>3600</Connection.OperationTimeout>
  <InstallType.Local>True</InstallType.Local>
  <InstallType.Distant>False</InstallType.Distant>
  <Paths.NetworkPath />
</SqlServerBackupAllWizardEntity>