﻿<?xml version="1.0" encoding="utf-8"?>
<HostOptionsEntity EntityGuid="da6de426-c97e-45a8-83bd-c0687240441b">
  <ShowStatusBar>True</ShowStatusBar>
  <ShowToolBar>True</ShowToolBar>
  <ShowNavBar>True</ShowNavBar>
  <NavBarWidth>396</NavBarWidth>
  <NavBarPanelMaxVisibleGroups>5</NavBarPanelMaxVisibleGroups>
  <ShowFavoriteMenu>True</ShowFavoriteMenu>
  <LookAndFeel>EBP Open Flat Style</LookAndFeel>
  <WindowPosX>5</WindowPosX>
  <WindowPosY>60</WindowPosY>
  <WindowSizeX>1409</WindowSizeX>
  <WindowSizeY>824</WindowSizeY>
  <WindowState>Minimized</WindowState>
  <FocusedBackColor />
  <ReadOnlyBackColor />
  <MandatoryBackColor />
  <DontShowAgainWelcomeDialog>False</DontShowAgainWelcomeDialog>
  <DontShowAgainCloseHostForm>False</DontShowAgainCloseHostForm>
  <DontShowAgainDashboard>True</DontShowAgainDashboard>
  <DontShowAgainWebClientNotFound>False</DontShowAgainWebClientNotFound>
  <ShowWindowBar>False</ShowWindowBar>
  <MaximizeWindows>False</MaximizeWindows>
  <ShowCalcButton>True</ShowCalcButton>
  <EnableSpellChecker>True</EnableSpellChecker>
  <EnableWysiwygRtfPrinting>False</EnableWysiwygRtfPrinting>
  <EnableWysiwygTextPrinting>False</EnableWysiwygTextPrinting>
  <EnableEntryFormCaching>True</EnableEntryFormCaching>
  <EnableRtfGdi>False</EnableRtfGdi>
  <UserDefinedFieldsSplitNumber>30</UserDefinedFieldsSplitNumber>
  <EnableListSearchButton>False</EnableListSearchButton>
  <DontShowAgainCloudPublishing>True</DontShowAgainCloudPublishing>
  <EnableListFirstRowNoSelect>False</EnableListFirstRowNoSelect>
  <UserCulture>fr-FR</UserCulture>
  <Version>1</Version>
  <BackToWindowsXPLookAndFeel>False</BackToWindowsXPLookAndFeel>
  <UseLegacyTextFormatConverter>False</UseLegacyTextFormatConverter>
  <LoginFocusPassword>False</LoginFocusPassword>
  <DisplayDatabaseNameInWindowTitle>2</DisplayDatabaseNameInWindowTitle>
  <DisableBandedGridViews>False</DisableBandedGridViews>
  <CreatedDate>2016-10-11T19:46:00</CreatedDate>
  <CreatedUser />
  <ModifiedDate>2018-05-10T17:25:00</ModifiedDate>
  <ModifiedUser />
  <NavBarPanels>
    <NavBarPanelEntity>
      <Id>1eb8857a-285e-4fbf-9f59-45cb6f0e4398</Id>
      <Visible>True</Visible>
      <SpliterPosition>150</SpliterPosition>
      <CreatedDate>2016-10-11T19:46:00</CreatedDate>
      <CreatedUser />
      <ModifiedDate>2016-10-11T19:46:00</ModifiedDate>
      <ModifiedUser />
    </NavBarPanelEntity>
    <NavBarPanelEntity>
      <Id>fea5f8a9-2821-405a-a865-48dfd0c0f620</Id>
      <Visible>True</Visible>
      <SpliterPosition>233</SpliterPosition>
      <CreatedDate>2016-10-11T19:46:00</CreatedDate>
      <CreatedUser />
      <ModifiedDate>2017-11-05T11:08:00</ModifiedDate>
      <ModifiedUser />
    </NavBarPanelEntity>
    <NavBarPanelEntity>
      <Id>c1afbc7f-4175-43fb-bde8-1eaa4d81c3d9</Id>
      <Visible>True</Visible>
      <SpliterPosition>150</SpliterPosition>
      <CreatedDate>2016-10-11T19:46:00</CreatedDate>
      <CreatedUser />
      <ModifiedDate>2016-10-11T19:46:00</ModifiedDate>
      <ModifiedUser />
    </NavBarPanelEntity>
    <NavBarPanelEntity>
      <Id>e4d4af74-a0fd-40c8-be49-0d67af5500e0</Id>
      <Visible>True</Visible>
      <SpliterPosition>150</SpliterPosition>
      <CreatedDate>2016-10-11T19:46:00</CreatedDate>
      <CreatedUser />
      <ModifiedDate>2016-10-11T19:46:00</ModifiedDate>
      <ModifiedUser />
    </NavBarPanelEntity>
    <NavBarPanelEntity>
      <Id>c5038710-4826-427b-9367-96e1f25d10f3</Id>
      <Visible>True</Visible>
      <SpliterPosition>150</SpliterPosition>
      <CreatedDate>2016-10-11T19:46:00</CreatedDate>
      <CreatedUser />
      <ModifiedDate>2016-10-11T19:46:00</ModifiedDate>
      <ModifiedUser />
    </NavBarPanelEntity>
    <NavBarPanelEntity>
      <Id>94bc1037-a803-45ca-9344-28573ffacc39</Id>
      <Visible>True</Visible>
      <SpliterPosition>150</SpliterPosition>
      <CreatedDate>2016-10-11T19:46:00</CreatedDate>
      <CreatedUser />
      <ModifiedDate>2016-10-11T19:46:00</ModifiedDate>
      <ModifiedUser />
    </NavBarPanelEntity>
    <NavBarPanelEntity>
      <Id>dad8eeaa-f9bd-48b4-89f8-0e0ec6409ad4</Id>
      <Visible>True</Visible>
      <SpliterPosition>150</SpliterPosition>
      <CreatedDate>2016-10-11T19:46:00</CreatedDate>
      <CreatedUser />
      <ModifiedDate>2016-10-11T19:46:00</ModifiedDate>
      <ModifiedUser />
    </NavBarPanelEntity>
    <NavBarPanelEntity>
      <Id>83fe52be-b43b-426f-9657-50607b04b3c5</Id>
      <Visible>True</Visible>
      <SpliterPosition>150</SpliterPosition>
      <CreatedDate>2016-10-11T19:46:00</CreatedDate>
      <CreatedUser />
      <ModifiedDate>2016-10-11T19:46:00</ModifiedDate>
      <ModifiedUser />
    </NavBarPanelEntity>
    <NavBarPanelEntity>
      <Id>fb52befe-e1f3-4de8-a349-6c63fbbad75c</Id>
      <Visible>True</Visible>
      <SpliterPosition>150</SpliterPosition>
      <CreatedDate>2016-10-11T19:46:00</CreatedDate>
      <CreatedUser />
      <ModifiedDate>2016-10-11T19:46:00</ModifiedDate>
      <ModifiedUser />
    </NavBarPanelEntity>
  </NavBarPanels>
</HostOptionsEntity>