﻿<?xml version="1.0" encoding="utf-8"?>
<BackupEntity EntityGuid="cd3b8ca1-61d9-49a5-8691-b4d6957b8334">
  <MultiUser>False</MultiUser>
  <SingleShortcut>False</SingleShortcut>
  <IncludeShortcut>True</IncludeShortcut>
  <IncludeConfig>True</IncludeConfig>
  <UseDumpBackup>False</UseDumpBackup>
  <ShortcutFile>C:\Users\myrog\Documents\Cas smirmork.ebp</ShortcutFile>
  <LocalDisk>True</LocalDisk>
  <LocalDiskLocation>E:\IUTtravail\cours\EBP\smirmork\Sauvegarde_Cas smirmork_2018-05-09_17-08.zip</LocalDiskLocation>
  <Internet>False</Internet>
  <CreatedDate>2016-10-12T16:28:00</CreatedDate>
  <CreatedUser />
  <ModifiedDate>2018-05-09T17:09:00</ModifiedDate>
  <ModifiedUser />
  <BackupApplications>
    <BackupApplicationEntity>
      <ApplicationGuid>68308767-3676-4d79-b57c-980b9b3125c9</ApplicationGuid>
      <ApplicationName>EBP Gestion Commerciale Ligne Éducation Open Line</ApplicationName>
      <ApplicationVersion>8.1.2741.1</ApplicationVersion>
      <BackupApplicationGuid>68308767-3676-4d79-b57c-980b9b3125c9</BackupApplicationGuid>
      <BackupApplicationVersion>8.1.2741.1</BackupApplicationVersion>
      <DateStamp>2018-05-09T17:08:00</DateStamp>
      <BackupString>networkPath=;useOriginalFileLocations=False;databaseFilesInfoCount=1;databaseName0=Cas smirmork_0895452f-b7c1-4c00-a316-c6a6d0ea4bf4;databaseFileInfoCount0=2;databaseInfoName0-0=Cas smirmork_0895452f-b7c1-4c00-a316-c6a6d0ea4bf4_2018-05-09-12-18-31-421;databaseInfoFileName0-0=C:\Program Files\Microsoft SQL Server\MSSQL10_50.EBP\MSSQL\DATA\Cas smirmork_0895452f-b7c1-4c00-a316-c6a6d0ea4bf4_2018-05-09-12-18-31-421.mdf;databaseInfoName0-1=Cas smirmork_0895452f-b7c1-4c00-a316-c6a6d0ea4bf4_2018-05-09-12-18-31-421_log;databaseInfoFileName0-1=C:\Program Files\Microsoft SQL Server\MSSQL10_50.EBP\MSSQL\DATA\Cas smirmork_0895452f-b7c1-4c00-a316-c6a6d0ea4bf4_2018-05-09-12-18-31-421_log.LDF;</BackupString>
      <ShortcutFile />
      <LocalDisk>True</LocalDisk>
      <LocalDiskLocation>E:\IUTtravail\cours\EBP\smirmork\Sauvegarde_Cas smirmork_2018-05-09_17-08.zip</LocalDiskLocation>
      <Amovible />
      <AmovibleLocation />
      <Internet>False</Internet>
      <IncludeShortcut>True</IncludeShortcut>
      <IncludeConfig>True</IncludeConfig>
      <UseDumpBackup>False</UseDumpBackup>
      <DatabaseName>Cas smirmork</DatabaseName>
      <ProviderVersion>Microsoft SQL Server 2008 R2 (SP2) - 10.50.4042.0 (X64) 
	Mar 26 2015 21:18:04 
	Copyright (c) Microsoft Corporation
	Express Edition (64-bit) on Windows NT 6.2 &lt;X64&gt; (Build 9200: )</ProviderVersion>
      <ForSchemaSynchronization>False</ForSchemaSynchronization>
      <CreatedDate />
      <CreatedUser />
      <ModifiedDate />
      <ModifiedUser />
    </BackupApplicationEntity>
    <BackupApplicationEntity>
      <ApplicationGuid>8938492b-f049-4957-bb8e-71fe66db6845</ApplicationGuid>
      <ApplicationName>EBP Compta Ligne Éducation Open Line</ApplicationName>
      <ApplicationVersion>8.0.5317.5</ApplicationVersion>
      <BackupApplicationGuid>8938492b-f049-4957-bb8e-71fe66db6845</BackupApplicationGuid>
      <BackupApplicationVersion>8.0.5317.5</BackupApplicationVersion>
      <DateStamp>2018-05-09T17:08:00</DateStamp>
      <BackupString>networkPath=;useOriginalFileLocations=False;databaseFilesInfoCount=1;databaseName0=Cas smirmork_9c9c51d5-d6fd-44fc-9724-a63a935a6fc7;databaseFileInfoCount0=2;databaseInfoName0-0=Cas smirmork_9c9c51d5-d6fd-44fc-9724-a63a935a6fc7_2018-05-09-12-18-31-421;databaseInfoFileName0-0=C:\Program Files\Microsoft SQL Server\MSSQL10_50.EBP\MSSQL\DATA\Cas smirmork_9c9c51d5-d6fd-44fc-9724-a63a935a6fc7_2018-05-09-12-18-31-421.mdf;databaseInfoName0-1=Cas smirmork_9c9c51d5-d6fd-44fc-9724-a63a935a6fc7_2018-05-09-12-18-31-421_log;databaseInfoFileName0-1=C:\Program Files\Microsoft SQL Server\MSSQL10_50.EBP\MSSQL\DATA\Cas smirmork_9c9c51d5-d6fd-44fc-9724-a63a935a6fc7_2018-05-09-12-18-31-421_log.LDF;</BackupString>
      <ShortcutFile />
      <LocalDisk>True</LocalDisk>
      <LocalDiskLocation>E:\IUTtravail\cours\EBP\smirmork\Sauvegarde_Cas smirmork_2018-05-09_17-08.zip</LocalDiskLocation>
      <Amovible />
      <AmovibleLocation />
      <Internet>False</Internet>
      <IncludeShortcut>True</IncludeShortcut>
      <IncludeConfig>True</IncludeConfig>
      <UseDumpBackup>False</UseDumpBackup>
      <DatabaseName>Cas smirmork</DatabaseName>
      <ProviderVersion>Microsoft SQL Server 2008 R2 (SP2) - 10.50.4042.0 (X64) 
	Mar 26 2015 21:18:04 
	Copyright (c) Microsoft Corporation
	Express Edition (64-bit) on Windows NT 6.2 &lt;X64&gt; (Build 9200: )</ProviderVersion>
      <ForSchemaSynchronization>False</ForSchemaSynchronization>
      <CreatedDate />
      <CreatedUser />
      <ModifiedDate />
      <ModifiedUser />
    </BackupApplicationEntity>
  </BackupApplications>
</BackupEntity>