﻿<?xml version="1.0" encoding="utf-8"?>
<HostOptionsEntity EntityGuid="da6de426-c97e-45a8-83bd-c0687240441b">
  <ShowStatusBar>True</ShowStatusBar>
  <ShowToolBar>True</ShowToolBar>
  <ShowNavBar>True</ShowNavBar>
  <NavBarWidth>308</NavBarWidth>
  <NavBarPanelMaxVisibleGroups>7</NavBarPanelMaxVisibleGroups>
  <ShowFavoriteMenu>True</ShowFavoriteMenu>
  <LookAndFeel>EBP Open Flat Style</LookAndFeel>
  <WindowPosX>311</WindowPosX>
  <WindowPosY>51</WindowPosY>
  <WindowSizeX>804</WindowSizeX>
  <WindowSizeY>809</WindowSizeY>
  <WindowState>Maximized</WindowState>
  <FocusedBackColor />
  <ReadOnlyBackColor />
  <MandatoryBackColor />
  <DontShowAgainWelcomeDialog>False</DontShowAgainWelcomeDialog>
  <DontShowAgainCloseHostForm>False</DontShowAgainCloseHostForm>
  <DontShowAgainDashboard>True</DontShowAgainDashboard>
  <DontShowAgainWebClientNotFound>False</DontShowAgainWebClientNotFound>
  <ShowWindowBar>False</ShowWindowBar>
  <MaximizeWindows>False</MaximizeWindows>
  <ShowCalcButton>True</ShowCalcButton>
  <EnableSpellChecker>True</EnableSpellChecker>
  <EnableWysiwygRtfPrinting>False</EnableWysiwygRtfPrinting>
  <EnableWysiwygTextPrinting>False</EnableWysiwygTextPrinting>
  <EnableEntryFormCaching>True</EnableEntryFormCaching>
  <EnableRtfGdi>False</EnableRtfGdi>
  <UserDefinedFieldsSplitNumber>30</UserDefinedFieldsSplitNumber>
  <EnableListSearchButton>False</EnableListSearchButton>
  <DontShowAgainCloudPublishing>True</DontShowAgainCloudPublishing>
  <DontShowAgainSwitchToApiMode>False</DontShowAgainSwitchToApiMode>
  <EnableListFirstRowNoSelect>False</EnableListFirstRowNoSelect>
  <UserCulture>fr-FR</UserCulture>
  <Version>1</Version>
  <BackToWindowsXPLookAndFeel>False</BackToWindowsXPLookAndFeel>
  <UseLegacyTextFormatConverter>False</UseLegacyTextFormatConverter>
  <LoginFocusPassword>False</LoginFocusPassword>
  <DisplayDatabaseNameInWindowTitle>0</DisplayDatabaseNameInWindowTitle>
  <DisableBandedGridViews>True</DisableBandedGridViews>
  <ShowApiMenu>False</ShowApiMenu>
  <CreatedDate>2016-10-10T18:51:00</CreatedDate>
  <CreatedUser />
  <ModifiedDate>2018-05-07T16:15:00</ModifiedDate>
  <ModifiedUser />
  <NavBarPanels>
    <NavBarPanelEntity>
      <Id>1eb8857a-285e-4fbf-9f59-45cb6f0e4398</Id>
      <Visible>True</Visible>
      <SpliterPosition>150</SpliterPosition>
      <CreatedDate>2016-10-10T18:51:00</CreatedDate>
      <CreatedUser />
      <ModifiedDate>2016-10-10T18:51:00</ModifiedDate>
      <ModifiedUser />
    </NavBarPanelEntity>
    <NavBarPanelEntity>
      <Id>7ebbf7ee-e835-483c-ac7c-b719ad31e66f</Id>
      <Visible>True</Visible>
      <SpliterPosition>121</SpliterPosition>
      <CreatedDate>2016-10-10T18:51:00</CreatedDate>
      <CreatedUser />
      <ModifiedDate>2017-03-27T21:45:00</ModifiedDate>
      <ModifiedUser />
    </NavBarPanelEntity>
    <NavBarPanelEntity>
      <Id>f9cd7eee-9d70-4cd4-b2c6-621e839c3d6f</Id>
      <Visible>True</Visible>
      <SpliterPosition>150</SpliterPosition>
      <CreatedDate>2016-10-10T18:51:00</CreatedDate>
      <CreatedUser />
      <ModifiedDate>2016-10-10T18:51:00</ModifiedDate>
      <ModifiedUser />
    </NavBarPanelEntity>
    <NavBarPanelEntity>
      <Id>838581cf-e7ae-422b-ad68-e4298545e7ad</Id>
      <Visible>True</Visible>
      <SpliterPosition>82</SpliterPosition>
      <CreatedDate>2016-10-10T18:51:00</CreatedDate>
      <CreatedUser />
      <ModifiedDate>2017-11-26T19:05:00</ModifiedDate>
      <ModifiedUser />
    </NavBarPanelEntity>
    <NavBarPanelEntity>
      <Id>df57db56-feb6-4bd4-b15d-0fadcdffd627</Id>
      <Visible>True</Visible>
      <SpliterPosition>267</SpliterPosition>
      <CreatedDate>2016-10-10T18:51:00</CreatedDate>
      <CreatedUser />
      <ModifiedDate>2018-05-07T16:15:00</ModifiedDate>
      <ModifiedUser />
    </NavBarPanelEntity>
    <NavBarPanelEntity>
      <Id>15bc7acc-8a9e-48f3-b7d2-8588f055c7de</Id>
      <Visible>True</Visible>
      <SpliterPosition>150</SpliterPosition>
      <CreatedDate>2016-10-10T18:51:00</CreatedDate>
      <CreatedUser />
      <ModifiedDate>2016-10-10T18:51:00</ModifiedDate>
      <ModifiedUser />
    </NavBarPanelEntity>
    <NavBarPanelEntity>
      <Id>fb52befe-e1f3-4de8-a349-6c63fbbad75c</Id>
      <Visible>True</Visible>
      <SpliterPosition>150</SpliterPosition>
      <CreatedDate>2016-10-10T18:51:00</CreatedDate>
      <CreatedUser />
      <ModifiedDate>2016-10-10T18:51:00</ModifiedDate>
      <ModifiedUser />
    </NavBarPanelEntity>
  </NavBarPanels>
</HostOptionsEntity>