﻿<?xml version="1.0" encoding="utf-8"?>
<SqlServerNewWizardEntity EntityGuid="4766bedd-d8be-45f3-a407-4cc19ca2b45e">
  <MultiUser>False</MultiUser>
  <SingleShortcut>False</SingleShortcut>
  <DatabaseName>Smirmork</DatabaseName>
  <ApiInterfaceSchemaPrefix />
  <Connection.ServerName>localhost\ebp</Connection.ServerName>
  <Connection.ServerPath />
  <Connection.Authentication>False</Connection.Authentication>
  <Connection.UserName>sa</Connection.UserName>
  <Connection.EncryptedPassword />
  <Connection.Protocol>Dbmslpcn</Connection.Protocol>
  <Connection.ShowAdvancedOptions>False</Connection.ShowAdvancedOptions>
  <Connection.ConnectTimeout>15</Connection.ConnectTimeout>
  <Connection.CommandTimeout>180</Connection.CommandTimeout>
  <Connection.OperationTimeout>3600</Connection.OperationTimeout>
  <InstallType.Local>True</InstallType.Local>
  <InstallType.Distant>False</InstallType.Distant>
  <CreatedDate>2016-10-12T11:19:00</CreatedDate>
  <CreatedUser />
  <ModifiedDate>2018-05-06T17:07:00</ModifiedDate>
  <ModifiedUser />
</SqlServerNewWizardEntity>