﻿<?xml version="1.0" encoding="utf-8"?>
<HostOptionsEntity EntityGuid="da6de426-c97e-45a8-83bd-c0687240441b">
  <ShowStatusBar>True</ShowStatusBar>
  <ShowToolBar>True</ShowToolBar>
  <ShowNavBar>True</ShowNavBar>
  <NavBarWidth />
  <NavBarPanelMaxVisibleGroups />
  <ShowFavoriteMenu>True</ShowFavoriteMenu>
  <LookAndFeel>EBP Open Flat Style</LookAndFeel>
  <WindowPosX />
  <WindowPosY />
  <WindowSizeX />
  <WindowSizeY />
  <WindowState />
  <FocusedBackColor />
  <ReadOnlyBackColor />
  <MandatoryBackColor />
  <DontShowAgainWelcomeDialog>False</DontShowAgainWelcomeDialog>
  <DontShowAgainCloseHostForm>False</DontShowAgainCloseHostForm>
  <DontShowAgainDashboard>True</DontShowAgainDashboard>
  <DontShowAgainWebClientNotFound>False</DontShowAgainWebClientNotFound>
  <ShowWindowBar>False</ShowWindowBar>
  <MaximizeWindows>False</MaximizeWindows>
  <ShowCalcButton>True</ShowCalcButton>
  <EnableSpellChecker>True</EnableSpellChecker>
  <EnableWysiwygRtfPrinting>False</EnableWysiwygRtfPrinting>
  <EnableWysiwygTextPrinting>False</EnableWysiwygTextPrinting>
  <EnableEntryFormCaching>True</EnableEntryFormCaching>
  <EnableRtfGdi>False</EnableRtfGdi>
  <UserDefinedFieldsSplitNumber>30</UserDefinedFieldsSplitNumber>
  <EnableListSearchButton>False</EnableListSearchButton>
  <DontShowAgainCloudPublishing>False</DontShowAgainCloudPublishing>
  <DontShowAgainSwitchToApiMode>False</DontShowAgainSwitchToApiMode>
  <EnableListFirstRowNoSelect>False</EnableListFirstRowNoSelect>
  <EnableListFirstRowNoSelectInSearch>False</EnableListFirstRowNoSelectInSearch>
  <UserCulture>fr-FR</UserCulture>
  <Version>1</Version>
  <BackToWindowsXPLookAndFeel>False</BackToWindowsXPLookAndFeel>
  <UseLegacyTextFormatConverter>False</UseLegacyTextFormatConverter>
  <LoginFocusPassword>False</LoginFocusPassword>
  <DisplayDatabaseNameInWindowTitle>0</DisplayDatabaseNameInWindowTitle>
  <DisableBandedGridViews>True</DisableBandedGridViews>
  <ShowApiMenu>False</ShowApiMenu>
  <UseRemotingCompatibilityMode>True</UseRemotingCompatibilityMode>
  <CheckSqlServerVersionOnDatabaseOpened>True</CheckSqlServerVersionOnDatabaseOpened>
  <CreatedDate>2018-02-23T10:18:00</CreatedDate>
  <CreatedUser />
  <ModifiedDate>2018-02-23T10:18:00</ModifiedDate>
  <ModifiedUser />
</HostOptionsEntity>